,,,,http://commaoil.com.ua/index.php?chapter=oil-selection,,,,,
,,,,,,,,,
,НАЙМЕНУВАННЯ,ІНДЕКС NAVISION,РІВЕНЬ ЕКСПЛУАТАЦІЙНИХ ЯКОСТЕЙ,,ТАРА,Індекс на сайті Comma,Опис,,
,,,,,,,,,
,,,,,,,,,
,"МАСТИЛА ДЛЯ ЛЕГКОВИХ АВТОМОБІЛІВ, МІКРОАВТОБУСІВ ТА ЛЕГКИХ ВАНТАЖІВОК",,,,,,,,
,PROLIFE 5W-30,PROLIFE 5W30 205L,"Синтетичне моторне мастило                                                                                               Допуски виробників: VW 504.00/507.00, MB 229.51, BMW LONGLIFE 2004,                             porsche C30
Сервісна класифікація: ACEA C3",,205L,PRO205L,"Полностью синтетическое высокоэффективное масло 5W-30 с низким уровнем сульфатной зольности и низким содержанием фосфора и серы для современных автомобилей группы VW-Audi с бензиновыми и дизельными двигателями, в том числе с увеличенным межсервисным интервалом. Обеспечивает одновременную защиту блоков доочистки выхлопных газов.
Не смешивайте это масло с другими типами масел. В противном случае длительный срок службы и защита устройства дополнительной очистки выхлопных газов не может быть гарантировано.

Comma рекомендует использовать данный продукт в перечисленных ниже случаях. VW 504 00, VW 507 00; MB 229.51; BMW LL-04; PORSCHE C30; ACEA C3",,
,,PROLIFE 5W30 20L,,,20L,PRO20L,,,
,,PROLIFE 5W30 5L,,,5L,PRO5L,,,
,,PROLIFE 5W30 4L,,,4L,PRO4L,,,
,,PROLIFE 5W30 1L,,,1L,PRO1L,,,
,ECOLIFE 5W-30,ECOLIFE 5W30 SYNT. 5L,"Синтетичне моторне мастило                                                                                               Допуски виробників: FORD WSS-M2C934-B
Сервісна класифікація: ACEA C1",,5L,ECL5L,"Полностью синтетическое высокоэффективное масло 5W-30 с низким уровнем сульфатной зольности и низким содержанием фосфора и серы для современных автомобилей с бензиновыми и дизельными двигателями, в том числе оборудованных системами доочистки выхлопных газов, для которых предусмотрено масло класса ACEA C1.
Не смешивайте это масло с другими типами масел. В противном случае защита устройства дополнительной очистки выхлопных газов не может быть гарантировано.

Comma рекомендует использовать данный продукт в перечисленных ниже случаях. FORD WSS-M2C934-B; ACEA C1",,
,,ECOLIFE 5W30 SYNT. 1L,,,1L,ECL1L,,,
,SYNER-Z 5W-30,SYNER-Z 5W30 20L,"Синтетичне моторне мастило                                                                                               Допуски виробників: VW 502.00/505.00/505.01, MB 229.31, MB 229.51,                                BMW LL 2004, Dexos-2
Сервісна класифікація: ACEA C3, API SM/CF",,20L,SYZ20L,"Полностью синтетическое высокоэффективное масло 5W-30 с низким уровнем сульфатной зольности и низким содержанием фосфора и серы для современных автомобилей с бензиновыми и дизельными двигателями, в том числе оборудованных системами доочистки выхлопных газов, для которых предусмотрено масло класса ACEA C3.
Не смешивайте это масло с другими типами масел. В противном случае длительный срок службы и защита устройства дополнительной очистки выхлопных газов не может быть гарантировано.

Comma рекомендует использовать данный продукт в перечисленных ниже случаях. BMW LL-04; MB 229.31, MB 229.51, MB 229.52; dexos 2; VW 502 00, VW 505 00; ACEA C3; API SN CF",,
,,SYNER-Z 5W30 5L,,,5L,SYZ5L,,,
,,SYNER-Z 5W30 4L,,,4L,SYZ4L,,,
,,SYNER-Z 5W30 1L,,,1L,SYZ1L,,,
,PRO-TECH 5W-30,PRO-TECH 5W30 20L,"Синтетичне моторне мастило                                                                                               Допуски виробників: PSA B71 2290
Сервісна класифікація: ACEA C2, API SM/CF",,20L,PTC20L,"Полностью синтетическое высокоэффективное масло 5W-30 с низким уровнем сульфатной зольности и низким содержанием фосфора и серы для современных автомобилей с бензиновыми и дизельными двигателями, в том числе оборудованных системами доочистки выхлопных газов, для которых предусмотрено масло класса ACEA C2.
Не смешивайте это масло с другими типами масел. В противном случае защита устройства дополнительной очистки выхлопных газов не может быть гарантирована.

Comma рекомендует использовать данный продукт в перечисленных ниже случаях. PSA B71 2290; ACEA C2; API SN",,
,,PRO-TECH 5W30 5L,,,5L,PTC5L,,,
,,PRO-TECH 5W30 1L,,,1L,PTC1L,,,
,ECOREN 5W-30,ECOREN 5W30 SYNT. 5L,"Синтетичне моторне мастило                                                                                               Допуски виробників: RN0720
Сервісна класифікація: ACEA C4
",,5L,ECR5L,"Полностью синтетическое высокоэффективное масло 5W-30 с низким уровнем сульфатной зольности и низким содержанием фосфора и серы для современных автомобилей с бензиновыми и дизельными двигателями, в том числе оборудованных системами доочистки выхлопных газов, для которых предусмотрено масло класса ACEA C4.
Не смешивайте это масло с другими типами масел. В противном случае защита устройства дополнительной очистки выхлопных газов не может быть гарантировано. 

Comma рекомендует использовать данный продукт в перечисленных ниже случаях. Renault RN0720; MB 226.51; ACEA C4",,
,,ECOREN 5W30 SYNT. 1L,,,1L,ECR1L,,,
,LONG LIFE 5W-30,LONG LIFE 5W30 20L,"Синтетичне моторне мастило                                                                                               Допуски виробників: GM-LL-A-025, GM-LL-B-025; MB 229.5; BMW LL-01; VW 502 00, VW 505 00; RN 0700
Сервісна класифікація: ACEA A3/B4; API SL/CF",,20L,GML20L,"Полностью синтетическое высокоэффективное масло 5W-30 для автомобилей GM/Vauxhall/Opel с бензиновыми и дизельными двигателями, в том числе с увеличенным межсервисным интервалом.
Не смешивайте это масло с другими типами масел. В противном случае длительный срок службы гарантироваться не будет.

Comma рекомендует использовать данный продукт в перечисленных ниже случаях. GM-LL-A-025, GM-LL-B-025; MB 229.5; VW 502 00, VW 505 00; ACEA A3/B4; API SL CF",,
,,LONG LIFE 5W30 5L,,,5L,GML5L,,,
,,LONG LIFE 5W30 4L,,,4L,GML4L,,,
,,LONG LIFE 5W30 1L,,,1L,GML1L,,,
,SYNER-G 5W-40,SYNER-G 5W40 205L,"Синтетичне моторне мастило                                                                                               Допуски виробників: MB 229.1, MB 229.3; VW 502 00, VW 505 00; BMW LL-98; RN0700, RN0710; PORSCHE
Сервісна класифікація: ACEA A3/B4; API SM/CF",,205L,SYN205L,"Полностью синтетическое высокоэффективное масло 5W-40 для автомобилей с бензиновыми и дизельными двигателями, в том числе с системой впрыска топлива и многоклапанных.
Низкая вязкость обеспечивает быстрый ток масла при запуске.

Comma рекомендует использовать данный продукт в перечисленных ниже случаях. MB 229.5, MB 226.5; PSA B71 2296; VW 502 00, VW 505 00; RN0700, RN0710; BMW LL-01; PORSCHE A40; ACEA A3/B4; API SN CF",,
,,SYNER-G 5W40 20L,,,20L,SYN20L,,,
,,SYNER-G 5W40 5L,,,5L,SYN5L,,,
,,SYNER-G 5W40 4L,,,4L,SYN4L,,,
,,SYNER-G 5W40 1L,,,1L,SYN1L,,,
,PD PLUS 5W-40,PD PLUS 5W40 20L,"Синтетичне моторне мастило                                                                                               Допуски виробників: FORD WSS M2C917-A VW 505 01/VW502 00/VW 505 00, MB229.31, BMW LL-04
Сервісна класифікація: ACEA C3, API SM/CF",,20L,DPD20L,"Полностью синтетическое высокоэффективное масло 5W-40 для автомобилей, оснащенных VW 'Pumpe Düse' PD или двигателем с насос-форсунками. Также защищает устройства дополнительной очистки выхлопных газов.
Не смешивайте это масло с другими типами масел. В противном случае защита устройства дополнительной очистки выхлопных газов не может быть гарантирована.

Comma рекомендует использовать данный продукт в перечисленных ниже случаях. FORD WSS M2C917-A; VW 502 00, VW 505 00, VW 505 01; BMW LL-04; MB 229.31; ACEA C3; API SN CF",,
,,PD PLUS 5W40 5L,,,5L,DPD5L,,,
,,PD PLUS 5W40 4L,,,4L,DPD4L,,,
,,PD PLUS 5W40 1L,,,1L,DPD1L,,,
,PRO-NRG 0W-20,PRO-NRG 0W20 4L,Синтетичне моторне мастило                                                                                                      Допуски виробників та сервісна класифікація: API SN; ILSAC GF-4 / GF-5,,4L,NRG4L,"Полностью синтетическое высокоэффективное масло 0W-20 для современных автомобилей с бензиновыми двигателями, а также для большинства автомобилей с гибридными бензиново-электрическими двигателями.

Comma рекомендует использовать данный продукт в перечисленных ниже случаях. API SN; ILSAC GF-4, GF-5",,
,,PRO-NRG 0W20 1L,,,1L,NRG1L,,,
,ECO-F 5W20,ECO-F 5W20 5L,Синтетичне моторне мастило                                                                                                      Допуски виробників та сервісна класифікація: FORD WSS M2C948-B;                                               ACEA A1/B1; API SN. Для двигунів EcoBoost.,,4L,ECF4L,"Полностью синтетическое, высококачественное масло 5W-20, пригодное для использования в двигателях EcoBoost последнего поколения.

Comma рекомендует использовать данный продукт в перечисленных ниже случаях. FORD WSS M2C948-B; ACEA A1/B1; API SN",,
,,ECO-F 5W20 1L,,,1L,ECF1L,,,
,MOTORSPORT                     5W-50,MOTORSPORT 5W50 5L,"Синтетичне моторне мастило                                                                                               Допуски виробників: Caterham approved
Сервісна класифікація: ACEA A3/B3 API SL/CF",,5L,MS5L,"Полностью синтетическое высокоэффективное масло 5W-50 для спортивных автомобилей и использования на автотреке. Высокие эксплуатационные характеристики подтверждены в экстремальных условиях автогонок.

Эксплуатационная классификация: Suitable for replacing ACEA A3/B3; API SL CF, SAE 5W-40, 10W-40 & 15W-40 oils in Motorsport applications",,
,,MOTORSPORT 5W50 1L,,,1L,MS1L,,,
,X-TECH 5W-30,X-TECH 5W30 205L,"Синтетичне моторне мастило                                                                                               Допуски виробників: FORD WSS-M2C913-C
Сервісна класифікація: ACEA A5/B5; API SL/CF",,205L,XTC205L,"Полностью синтетическое высокоэффективное масло 5W-30 для автомобилей Ford с двигателями DuraTec, DuraTorq и Zetec, обеспечивающее экономию топлива на уровне масел класса ACEA A5/B5.
Подходит для автомобилей с бензиновыми и дизельными двигателями, в том числе с впрыском топлива, многоклапанными и с турбонаддувом.

Comma рекомендует использовать данный продукт в перечисленных ниже случаях. FORD WSS-M2C913-D, WSS-M2C913-C, WSS-M2C913-B, WSS-M2C913-A; ACEA A5/B5; API SL CF",,
,,X-TECH 5W30 60L,,,60L,XTC60L,,,
,,X-TECH 5W30 20L,,,20L,XTC20L,,,
,,X-TECH 5W30 5L,,,5L,XTC5L,,,
,,X-TECH 5W30 4L,,,4L,XTC4L,,,
,,X-TECH 5W30 2L,,,2L,XTC2L,,,
,,X-TECH 5W30 1L,,,1L,XTC1L,,,
,EUROLITE                  10W-40,EUROLITE 10W40 205L,"Напівсинтетичне моторне мастило                                                                                                        Допуски виробників: MB 229.1; VW 501 01, VW 505 00
Сервісна класифікація: ACEA A3/B4; API SL CF",,205L,EUL205L,"Полусинтетическое высокоэффективное масло 10W-40 для автомобилей с бензиновыми и дизельными двигателями, в том числе с системой впрыска топлива и многоклапанных.

Comma рекомендует использовать данный продукт в перечисленных ниже случаях. MB 229.3; VW 501 01, VW 505 00; ACEA A3/B4; API SN CF",,
,,EUROLITE 10W40 60L,,,60L,EUL60L,,,
,,EUROLITE 10W40 20L,,,20L,EUL20L,,,
,,EUROLITE 10W40 5L,,,5L,EUL5L,,,
,,EUROLITE 10W40 4L,,,4L,EUL4L,,,
,,EUROLITE 10W40 2L,,,2L,EUL2L,,,
,,EUROLITE 10W40 1L,,,1L,EUL1L,,,
,XT2000                  15W-40,XT2000 15W40 205L,"Напівсинтетичне моторне мастило                                                                                                        Допуски виробників: MB 229.1; VW 501 01, VW 505 00
Сервісна класифікація: ACEA A3/B3; API SL CF",,205L,XT2205L,"Полусинтетическое высокоэффективное масло 15W-40 для автомобилей с бензиновыми и дизельными двигателями, в том числе с системой впрыска топлива и многоклапанных.

Comma рекомендует использовать данный продукт в перечисленных ниже случаях. MB 229.1, MB 228.3; VW 501 01, VW 505 00; ACEA A3/B4; API SL CF CG-4",,
,,XT2000 15W40 20L,,,20L,XT220L,,,
,,XT2000 15W40 5L,,,5L,XT25L,,,
,,XT2000 15W40 4L,,,4L,XT24L,,,
,,XT2000 15W40 1L,,,1L,XT21L,,,
,X-FLOW TYPE V                   5W-30,X-FLOW V 5W30 199L,Синтетичне моторне мастило                                                                                               Допуски виробників: VW 504.00/VW 507.00,,199L,XFV199L,"Полностью синтетическое масло 5W-30 для автомобилей группы VW/Audi с бензиновыми и дизельными двигателями, рассчитанное на долгий срок службы. Низкая вязкость обеспечивает быстрый ток масла при запуске.

Comma рекомендует использовать данный продукт в перечисленных ниже случаях. VW 504 00, VW 507 00",,
,,X-FLOW V 5W30 25L,,,25L,XFV25L,,,
,,X-FLOW V 5W30 5L,,,5L,XFV5L,,,
,,X-FLOW V 5W30 4L,,,4L,XFV4L,,,
,,X-FLOW V 5W30 1L,,,1L,XFV1L,,,
,X-FLOW TYPE Z                   5W-30,X-FLOW Z 5W30 SYNT. 25L,"Синтетичне моторне мастило                                                                                               Допуски виробників: MB 229.31, MB 229.51; BMW LL-04
Сервісна класифікація: ACEA C3; API SL CF
",,25L,XFZ25L,"Полностью синтетическое 5W-30 с низким уровнем сульфатной зольности и низким содержанием фосфора и серы для современных бензиновых и дизельных двигателей с устройствами доочистки выхлопных газов, требующие уровня ACEA C3.

Comma рекомендует использовать данный продукт в перечисленных ниже случаях. MB 229.31, MB 229.51; BMW LL-04; ACEA C3 API SL CF",,
,,X-FLOW Z 5W30 SYNT. 5L,,,5L,XFZ5L,,,
,,X-FLOW Z 5W30 SYNT. 1L,,,1L,XFZ1L,,,
,X-FLOW TYPE P                   5W-30,X-FLOW P 5W30 SYNT. 25L,"Синтетичне моторне мастило                                                                                               Допуски виробників: PSA B71 2290
Сервісна класифікація: ACEA ACEA C2; API SM CF",,25L,XFP25L,"Полностью синтетическое 5W-30 с низким уровнем сульфатной зольности и низким содержанием фосфора и серы для современных бензиновых и дизельных двигателей с устройствами доочистки выхлопных газов, требующие уровня ACEA C2.

Comma рекомендует использовать данный продукт в перечисленных ниже случаях. PSA B71 2290; ACEA C2, API SM CF",,
,,X-FLOW P 5W30 SYNT. 5L,,,5L,XFP5L,,,
,,X-FLOW P 5W30 SYNT. 1L,,,1L,XFP1L,,,
,X-FLOW TYPE LL                  5W-30,X-FLOW LL 5W30 SYNT. 25L,"Синтетичне моторне мастило                                                                                               Допуски виробників: GM-LL-A-025/GM-LL-B-025, VW 502 00/VW 505 00
Сервісна класифікація: ACEA A3/B3, A3/B4, API SL/CF",,25L,XFLL25L,"Полностью синтетическое масло 5W-30 для автомобилей GM/Opel с бензиновыми и дизельными двигателями, рассчитанное на долгий срок службы. Низкая вязкость обеспечивает быстрый ток масла при запуске.

Comma рекомендует использовать данный продукт в перечисленных ниже случаях. GM-LL-A-025, GM-LL-B-025; VW 502 00, VW 505 00; MB 229.3; ACEA A3/B4; API SL CF",,
,,X-FLOW LL 5W30 SYNT. 5L,,,5L,XFLL5L,,,
,,X-FLOW LL 5W30 SYNT. 4L,,,4L,XFLL4L,,,
,,X-FLOW LL 5W30 SYNT. 1L,,,1L,XFLL1L,,,
,X-FLOW TYPE PD            5W-40,X-FLOW PD 5W40 SYNT. 25L,"Синтетичне моторне мастило                                                                                               Допуски виробників: VW 505 01, FORD WSS M2C917-A
Сервісна класифікація: ACEA C3, API SL/CF
",,25L,XFPD25L,"Полностью синтетическое масло 5W-40 для автомобилей, оснащенных VW 'Pumpe Düse' PD или двигателем с насос-форсунками. Низкая вязкость обеспечивает быстрый ток масла при запуске.

Comma рекомендует использовать данный продукт в перечисленных ниже случаях. VW 505 01; FORD WSS-M2C917-A; ACEA C3; API SL CF",,
,,X-FLOW PD 5W40 SYNT. 5L,,,5L,XFPD5L,,,
,,X-FLOW PD 5W40 SYNT. 4L,,,4L,XFPD4L,,,
,,X-FLOW PD 5W40 SYNT. 1L,,,1L,XFPD1L,,,
,X-FLOW TYPE G            5W-40,X-FLOW G 5W40 SYNT. 199L,"Синтетичне моторне мастило                                                                                               Допуски виробників: MB 229.1, VW 502 00/VW 505 00
Сервісна класифікація: ACEA A3/B3 API SL/CF
",,199L,XFG199L,"Полностью синтетическое масло 5W-40 подходит для автомобилей с бензиновыми и дизельными двигателями, в том числе с впрыском топлива, многоклапанными и с турбонаддувом.

Comma рекомендует использовать данный продукт в перечисленных ниже случаях. MB 229.1; VW 502 00, VW 505 00; RN0700, RN0710; ACEA A3/B4; API SL CF",,
,,X-FLOW G 5W40 SYNT. 60L,,,60L,XFG60L,,,
,,X-FLOW G 5W40 SYNT. 25L,,,25L,XFG25L,,,
,,X-FLOW G 5W40 SYNT. 5L,,,5L,XFG5L,,,
,,X-FLOW G 5W40 SYNT. 4L,,,4L,XFG4L,,,
,,X-FLOW G 5W40 SYNT. 1L,,,1L,XFG1L,,,
,X-FLOW TYPE F              PLUS 5W-30,X-FLOW F PL.5W30 SYN.199L,"Синтетичне моторне мастило                                                                                               Допуски виробників: Ford WSS-M2C913-A/913-B
Сервісна класифікація: ACEA A1/B1; API SL, CF",,199L,XFFP199L,"Полностью синтетическое масло 5W-30 подходит для автомобилей Ford с бензиновыми и дизельными двигателями, в том числе с Zetec и с выпущенными до 2009 г. двигателями DuraTec и DuraTorq. Низкая вязкость обеспечивает быстрый ток масла при запуске.

Comma рекомендует использовать данный продукт в перечисленных ниже случаях. FORD WSS-M2C913-A, WSS-M2C913-B; ACEA A1/B1; API SL CF",,
,,X-FLOW F PL.5W30 SYN. 25L,,,25L,XFFP25L,,,
,,X-FLOW F PLUS 5W30 SYN.5L,,,5L,XFFP5L,,,
,,X-FLOW F PLUS 5W30 SYN.4L,,,4L,XFFP4L,,,
,,X-FLOW F PLUS 5W30 SYN.1L,,,1L,XFFP1L,,,
,X-FLOW TYPE F               5W-30,X-FLOW F 5W30 SEMI. 199L,"Напівсинтетичне моторне мастило                                                                                               Допуски виробників: Ford Zetec engines
Сервісна класифікація: ACEA A1/B1 API SL/CF ",,199L,XFF199L,"Полусинтетическое масло 5W-30 подходит для автомобилей с бензиновыми и дизельными двигателями, в том числе с впрыском топлива, многоклапанными и с турбонаддувом.

Comma рекомендует использовать данный продукт в перечисленных ниже случаях. ACEA A1/B1; API SL CF",,
,,X-FLOW F 5W30 SEMI. 60L,,,60L,XFF60L,,,
,,X-FLOW F 5W30 SEMI. 25L,,,25L,XFF25L,,,
,,X-FLOW F 5W30 SEMI. 5L,,,5L,XFF5L,,,
,,X-FLOW F 5W30 SEMI.4L,,,4L,XFF4L,,,
,,X-FLOW F 5W30 SEMI. 1L,,,1L,XFF1L,,,
,X-FLOW TYPE XS             10W-40,X-FLOW XS 10W40 SEMI. 199,"Напівсинтетичне моторне мастило                                                                                               
Сервісна класифікація: ACEA A3/B3 API SL CF
",,199L,XFXS199L,"Полусинтетическое масло 10W-40 подходит для автомобилей с бензиновыми и дизельными двигателями, в том числе с впрыском топлива, многоклапанными и с турбонаддувом.

Comma рекомендует использовать данный продукт в перечисленных ниже случаях. ACEA A3/B3; API SL CF",,
,,X-FLOW XS 10W40 SEMI. 60L,,,60L,XFXS60L,,,
,,X-FLOW XS 10W40 SEMI. 25L,,,25L,XFXS25L,,,
,,X-FLOW XS 10W40 SEMI. 5L,,,5L,XFXS5L,,,
,,X-FLOW XS 10W40 SEMI. 4L,,,4L,XFXS4L,,,
,,X-FLOW XS 10W40 SEMI. 1L,,,1L,XFXS1L,,,
,X-FLOW TYPE S             10W-40,X-FLOW S 10W40 SEMI. 199L,"Напівсинтетичне моторне мастило                                                                                               Допуски виробників: MB 229.1, VW 501 01 / VW 505 00
Сервісна класифікація: ACEA A3/B3 API SL CF
",,199L,XFS199L,"Полусинтетическое масло 10W-40 подходит для автомобилей с бензиновыми и дизельными двигателями, в том числе с впрыском топлива, многоклапанными и с турбонаддувом

Comma рекомендует использовать данный продукт в перечисленных ниже случаях. MB 229.1; VW 501 01, VW 505 00; ACEA A3/B3; API SL CF",,
,,X-FLOW S 10W40 SEMI. 60L,,,60L,XFS60L,,,
,,X-FLOW S 10W40 SEMI. 25L,,,25L,XFS25L,,,
,,X-FLOW S 10W40 SEMI. 5L,,,5L,XFS5L,,,
,,X-FLOW S 10W40 SEMI. 4L,,,4L,XFS4L,,,
,,X-FLOW S 10W40 SEMI. 1L,,,1L,XFS1L,,,
,X-FLOW TYPE MF                15W-40,X-FLOW MF 15W40 MIN. 199L,"Мінеральне моторне мастило                                                                                               Допуски виробників: MB 228.1, MB 229.1, VW 501 01/VW 505 00
Сервісна класифікація: ACEA A3/B3, API SL/CF, CG-4
",,199L,XFMF199L,"Минеральное масло 15W-40 подходит для автомобилей с бензиновыми и дизельными двигателями, в том числе с впрыском топлива, многоклапанными и с турбонаддувом.

Comma рекомендует использовать данный продукт в перечисленных ниже случаях. MB 228.1, MB 229.1; VW 501 01, VW 505 00; ACEA A3/B3; API SL CF CG-4",,
,,X-FLOW MF 15W40 MIN. 60L,,,60L,XFMF60L,,,
,,X-FLOW MF 15W40 MIN. 25L,,,25L,XFMF25L,,,
,,X-FLOW MF 15W40 MIN. 5L,,,5L,XFMF5L,,,
,,X-FLOW MF 15W40 MIN. 4L,,,4L,XFMF4L,,,
,,X-FLOW MF 15W40 MIN. 1L,,,1L,XFMF1L,,,
,X-FLOW TYPE SP                20W-50,X-FLOW SP 20W50 MIN. 4L,"Мінеральне моторне мастило                                                                                            
Сервісна класифікація: API SE CC                            ",,4L,XFSP4L,"Классическое всесезонное моторное масло для бензиновых двигателей с большим пробегом и нетурбированных дизельных двигателей.

Эксплуатационная классификация: ACEA A3/B3 API SL CF",,
,МАСТИЛА ДЛЯ ВАНТАЖНИХ АВТОМОБІЛІВ ТА С/Г ТЕХНІКИ,,,,,,,,
,TRANSFLOW FE 5W30,TRANSFLOW FE 5W30 205L,"Синтетичне моторне мастило                                                                                               Допуски виробників: MB 228.5; MAN 3277; DAF HP-1, HP-2; Volvo VDS-3; MTU Type 3
Сервісна класифікація: ACEA E4 / E7; API CH-4                                 ",,205L,TFFE205L,"Применимо для многих коммерческих автомобилей с двигателями большого объема последнего поколения.

Идеально для экономии топлива.

Эксплуатационная классификация: ACEA E4 E7; API CH-4

Comma рекомендует использовать данный продукт в перечисленных ниже случаях. MB 228.5; MAN 3277; DAF HP-1/HP-2; Volvo VDS-3; MTU Type 3",,
,,TRANSFLOW FE 5W30 20L,,,20L,TFFE20L,,,
,TRANSFLOW UD 10W40,TRANSFLOW UD 10W40 205L,"Синтетичне моторне мастило                                                                                               Допуски виробників: MB 228.5; MAN 3277; DAF HP-1, HP-2; Volvo VDS-3; MTU Type 3
Сервісна класифікація: ACEA E4 / E7; API CH-4                                   ",,205L,TFUD205L,"Подходит для дизельных двигателей большой мощности, в том числе с турбонаддувом и безнаддувных.

Пониженная сульфатная зольность и низкое содержание фосфора и серы обеспечивает защиту двигателя и оборудования снижения токсичности отработавших газов.

Эксплуатационная классификация: ACEA E6 E7

Comma рекомендует использовать данный продукт в перечисленных ниже случаях. Volvo VDS-3; RVI RLD-2; MTU Type 3.1; MACK EO-N

Официальное одобрение:
TransFlow UD 10W-40 is officially approved by: MAN 3477; MB-Approval 228.51",,
,,TRANSFLOW UD 10W40 20L,,,20L,TFUD20L,,,
,,TRANSFLOW UD 10W40 5L,,,5L,TFUD5L,,,
,TRANSFLOW AD 10W40,TRANSFLOW AD 10W40 205L,"Напівсинтетичне моторне мастило                                                                                               Допуски виробників: Volvo VDS-3; Renault RLD2; MB 228.3, MB 229.1; MAN 3275; Cummins CES 20077/78; MTU Type 2; Mack EO-M+
Сервісна класифікація: ACEA A3/B4 E7; API CI-4 SL                                                                  Офіційно схвалено автовиробниками: Volvo VDS-3, MACK EO-N, Renault RLD-2                                       ",,205L,TFAD205L,"Подходит для дизельных двигателей большой мощности, в том числе с турбонаддувом и безнаддувных.

Идеально подходит для смешанных грузовых автопарков.

Эксплуатационная классификация: ACEA A3/B4 E7; API CI-4 SL

Comma рекомендует использовать данный продукт в перечисленных ниже случаях. MAN 3275; Cummins CES 20077/78; MTU Type 2; Mack EO-M+

Официальное одобрение:
TransFlow AD 10W-40 is officially approved by: MB-Approval 228.3; Volvo VDS-3; Renault RLD-2; MACK EO-N",,
,,TRANSFLOW AD 10W40 20L,,,20L,TFAD20L,,,
,,TRANSFLOW AD 10W40 5L,,,5L,TFAD5L,,,
,TRANSFLOW GX 15W40,TRANSFLOW GX 15W40 205L,"Мінеральне моторне мастило                                                                                               Допуски виробників: MB 228.31; MAN 3275; Volvo VDS-4; RVI RLD-3; Cat ECF-3; Cummins CES 20081; MACK EO-O Premium Plus
Сервісна класифікація: ACEA E9; API CJ-4 SM                                                                Офіційно схвалено автовиробниками: Volvo VDS-4; Renault RLD-3; MACK EO-O Premium Plus                                      ",,205L,TFGX205L,"Применимо для использования в дизельных двигателях, отвечающих требованиям по регулированию вредных выбросов Euro 5.

Идеально подходит для использования с топливом с низкой серностью.

Эксплуатационная классификация: ACEA E9; API CJ-4 SM

Comma рекомендует использовать данный продукт в перечисленных ниже случаях. MB 228.31; MAN 3275; Cat ECF-3; Cummins CES 2008; Volvo VDS-4; Renault RLD-3; MACK EO-O Premium Plus",,
,,TRANSFLOW GX 15W40 20L,,,20L,TFGX20L,,,
,,TRANSFLOW GX 15W40 5L,,,5L,TFGX5L,,,
,TRANSFLOW SD 15W40,TRANSFLOW SD 15W40 205L,"Мінеральне моторне мастило                                                                                               Допуски виробників: MB 228.3/229.1; MAN 3275; Volvo VDS-3; Cummins CES 20071/72/76/77/78; Renault RLD; MACK EO-M+; MTU Type 2; CAT ECF-1a
Сервісна класифікація: ACEA A3/B4 E7; API CI-4 SL                                                               Офіційно схвалено автовиробниками: Volvo VDS-3, MACK EO-N, Renault RLD-2                               ",,205L,TFSD205L,"Подходит для тяжелых дизельных двигателей, в том числе с турбонаддувом и безнаддувных.

Идеально для защиты двигателя.

Эксплуатационная классификация: ACEA A3/B4 E7; API CI-4 SL

Comma рекомендует использовать данный продукт в перечисленных ниже случаях. MAN 3275; Cummins CES 20071/72; Renault RLD; MACK EO-M+; MTU Type 2; CAT ECF-1a

Официальное одобрение:
TransFlow SD 15W-40 is officially approved by: MB-Approval 228.3; Volvo VDS-3; MACK EO-N; Renault RLD-2; Cummins CES 20076/77/78 ",,
,,TRANSFLOW SD 15W40 60L,,,60L,TFSD60L,,,
,,TRANSFLOW SD 15W40 20L,,,20L,TFSD20L,,,
,,TRANSFLOW SD 15W40 5L,,,5L,TFSD5L,,,
,TRANSFLOW LX 15W40 ,TRANSFLOW LX 15W40 205L,"Мінеральне моторне мастило                                                                                               Допуски виробників: MB228.1, MB229.1; VW 501 01, VW 505 00                                                                 Сервісна класифікація: ACEA A3/B3 E2-Level API CF CG-4 SL                                ",,205L,TFLX205L,"Подходит для автомобилей с бензиновыми и дизельными двигателями, в том числе с впрыском топлива, многоклапанными и с турбонаддувом.

Идеально для защиты двигателя.

Эксплуатационная классификация: ACEA A3/B3 E2-Level; API CF CG-4 SL

Comma рекомендует использовать данный продукт в перечисленных ниже случаях. MB228.1, MB229.1; VW 501 01, VW 505 00",,
,,TRANSFLOW LX 15W40 20L,,,20L,TFLX20L,,,
,,TRANSFLOW LX 15W40 5L,,,5L,TFLX5L,,,
,TRANSFLOW XP 20W50,TRANSFLOW XP 20W50 205L,"Мінеральне моторне мастило                                                                                               Допуски виробників: MB 228.3, MB 229.1; MAN 3275
Сервісна класифікація: ACEA A3/B3 уровень E3; API CF CG-4 SL                                                                                          ",,205L,TFXP205L,"Подходит для автомобилей с бензиновыми и дизельными двигателями, в том числе с впрыском топлива, многоклапанными и с турбонаддувом.

Идеально для защиты двигателя.

 

Эксплуатационная классификация: ACEA A3/B3 E3-Level; API CF CG-4 SL

Comma рекомендует использовать данный продукт в перечисленных ниже случаях. MB 228.3, MB 229.1; MAN 3275",,
,,TRANSFLOW XP 20W50 60L,,,60L,TFXP60L,,,
,,TRANSFLOW XP 20W50 20L,,,20L,TFXP20L,,,
,,TRANSFLOW XP 20W50 5L,,,5L,TFXP5L,,,
,ТРАНСМІСІЙНІ МАСТИЛА ТА МАСТИЛА ДЛЯ АКП,,,,,,,,
,EP 80W-90 GL-4 GEAR OIL,GEAR OIL EP80-90 GL4 205L,"Мінеральне трансмісійне мастило                                                                                                                           • API GL4
• SAE 80W-90",,205L,GO4205L,"Минеральное редукторное масло.

Редукторное масло с большим удельным давлением для механических коробок передач.

Подходит для применения в случаях, когда в технических условиях указано масло 80W-90 или 85W-90 API GL-4.

Эксплуатационная классификация: API GL-4",,
,,GEAR OIL EP80-90 GL4 25L,,,25L,GO425L,,,
,,GEAR OIL EP80-90 GL4 5L,,,5L,GO45L,,,
,,GEAR OIL EP80-90 GL4 1L,,,1L,GO41L,,,
,EP80W-90 GL-5                  GEAR OIL,GEAR OIL EP80-90 GL5 205L,"Мінеральне трансмісійне мастило                                                                                                                • API GL5
• SAE 80W-90",,205L,EP8090205L,"Минеральное редукторное масло. 

Редукторное масло с большим удельным давлением для механических коробок передач и дифференциалов.

Подходит для применения в случаях, когда в технических условиях указано масло 80W-90 или 85W-90 API GL-5.
Эксплуатационная классификация: API GL-5",,
,,GEAR OIL EP80-90 GL5 25L,,,25L,EP809025L,,,
,,GEAR OIL EP80-90 GL5 5L,,,5L,EP80905L,,,
,,GEAR OIL EP80-90 GL5 1L,,,1L,EP80901L,,,
,EP85W-140                  GEAR OIL,EP85W140 GEAR OIL 25L,"        Мінеральне трансмісійне мастило                                                                                                                 • API GL5
• SAE 85w140",,25L,HMG25L,"Минеральное редукторное масло.

Редукторное масло с большим удельным давлением для механических коробок передач и дифференциалов.

Подходит для применения в случаях, когда в технических условиях указано масло 85W-140 API GL-5.

Эксплуатационная классификация: API GL-5",,
,,EP85W140 GEAR OIL 1L,,,1L,HMG1L,,,
,MVMTF 75W-90,MVMTF 75W90 5L,"Синтетичне трансмісійне мастило                                                                                         Для МКПП багатьох популярних моделей Ford, VW, Audi, Seat, Skoda",,5L,MVMTF5L,"MVMTF 75W-90 (Being replaced with MVMTF Plus 75W-90)  Полностью синтетическое редукторное масло.

Подходит для широкого ряда синхронизированных механических трансмиссий и коробок передач в блоке с трансмиссией Ford, VW, Audi, Seat и Skoda.

Оптимизирует работу синхронизаторов, обеспечивая плавность переключения передач в легковых автомобилях.

Обеспечивает исключительную устойчивость к перегреву и окислению для лучшей защиты компонентов путем предотвращения загустевания масла и образования отложений.

Великолепные характеристики предотвращают пенообразование для сохранения защитной масляной пленки, обеспечивающей постоянную смазку компонентов коробки передач.

Эксплуатационная классификация: Suitable for certain Ford, Mazda, VW, Audi, Seat & Skoda vehicles requiring a 75W-90, fully-synthetic manual gear oil.",,
,,MVMTF 75W90 1L,,,1L,MVMTF1L,,,
,MVMTF 75W-80,MVMTF 75W80 1L,"Мінеральне трансмісійне мастило                                                                                                  • API GL4                                                                                                                                                   Для МКПП багатьох моделей Vauxhall/Opel, Mini, Land Rover, Honda, Volvo, MG",,1L,MVP75801L,"Полностью синтетическое масло для механической коробки передач обеспечивает превосходную защиту подшипников и шестерен, а также надежную работу синхронизаторов.

Хороши эксплуатационные характеристики в условиях низких температур.

Высочайшая степень чистоты.

Надежная защита от коррозии.

Параметры продукта: BMW MTF LT-2, Ford M2C 186-A, GM 1940768, Mercedes Benz MB 235.10, MTF 94, Special Honda MTF, Special Honda MTF II, Volvo 97308

 

Эксплуатационная классификация: Recommended by Comma for certain BMW, Vauxhall/Opel, Mini, Land Rover, Honda, Volvo and MG applications and generally where a 75W-80, API GL-4 oil is specified.",,
,SX75W-90 GEAR OIL,SX75W90 GL5 205L SEMIS.,"Напівсинтетичне трансмісійне мастило                                                                                                   • API GL5
• SAE 75W-90                                                                                                ",,205L,SX205L,"Полусинтетическое редукторное масло.

Подходит для современных пятиступенчатых и шестиступенчатых коробок передач и дифференциалов.

Подходит для применения в случаях, когда в технических условиях указано масло 75W-90, 80W-90 или 85W-90 API GL-5.

Эксплуатационная классификация: API GL-5",,
,,SX75W90 GL5 25L SEMIS.,,,25L,SX25L,,,
,,SX75W90 GL5 5L SEMIS.,,,5L,SX5L,,,
,,SX75W90 GL5 1L SEMIS.,,,1L,SX1L,,,
,GEAR OIL                   SX75W-90 GL4,SX75W90 GL4 1L SEMIS.,Напівсинтетичне трансмісійне мастило                                                                                                    • API GL4 ,,1L,SXGL41L,"Полусинтетическое редукторное масло.

Подходит для современных пятиступенчатых и шестиступенчатых коробок передач.

Подходит для применения в случаях, когда в технических условиях указано масло 75W-90, 80W-90 или 85W-90 API GL-4.

Эксплуатационная классификация: API GL-4",,
,GEAR OIL                          EP75W-80,EP75W80 GEAR OIL 5L,"Мінеральне трансмісійне мастило                                                                                                  • API GL4                                                                                                                                                                   • PSA B71 2330                                                                                                                                                 Для МКПП багатьох моделей Rover, Peugeot, Citroën, Renault                                                                ",,5L,EP75W805L,"Минеральное редукторное масло.

Comma рекомендует использовать данный продукт в перечисленных ниже случаях. PSA B71 2330

Подходит для определенных механических коробок передач Rover, Peugeot, Citroën и Renault, где требуется масло с классом вязкости SAE 75W-80.

Comma рекомендует использовать данный продукт в перечисленных ниже случаях. PSA B71 2330",,
,,EP75W80 GEAR OIL 1L,,,1L,EP75W801L,,,
,LS80W-90 LIMITED SLIP GEAR OIL,LS80W90 LIMITED SLIP 1L,Мінеральне трансмісійне мастило                                                                                                    • API GL5,,1L,LS80W901L,"Минеральное масло для дифференциала с повышенным внутренним трением.

Специально разработано для дифференциалов с повышенным внутренним трением.

Подходит для применения в случаях, когда в технических условиях указано масло 80W-90 API GL-5.

Эксплуатационная классификация: API GL-5",,
,Automatic Transmission Fluid AQM,AQM 205L,Мінеральне мастило для АКП                                                                                                           • Dexron II и IID    ,,205L,ATM205L,"Минеральное масло для автоматических коробок передач.

Подходит для многих автоматических коробок передач, гидротрансформаторов и гидроусилителей системы рулевого управления.

 

 

Comma рекомендует использовать данный продукт в перечисленных ниже случаях. Dexron® II & IID",,
,,AQM 25L,,,25L,ATM25L,,,
,,AQM 5L,,,5L,ATM5L,,,
,,AQM 1L,,,1L,ATM1L,,,
,Automatic Transmission Fluid AQ3,AQ3 205L,"Мінеральне мастило для АКП                                                                                                                                 Ford ESD-M2C138-CJ/ESP-M2C166-H, ZF TE ML 09/14, Allison C4, Dexron III/ IID/IIE/II",,205L,AQ3205L,"Полусинтетическое масло для автоматических коробок передач.

Защищает от пенообразования, коррозии, окисления и износа.

Обеспечивает тихое и плавное переключение передач.

 

Comma рекомендует использовать данный продукт в перечисленных ниже случаях. Ford ESD-M2C138-CJ/ESP-M2C166-H, ZF TE ML 09/14, Allison C4, Dexron® III/ IID/IIE/I",,
,,AQ3 25L,,,25L,AQ325L,,,
,,AQ3 5L,,,5L,AQ35L,,,
,,AQ3 1L,,,1L,AQ31L,,,
,AQCVT Continuously Variable Transmission Fluid,AQCVT TRANS FLUID 1L,"Синтетична трансмісійна рідина для CVT                                                                                                                                          Використовується в багатьох ремінних і ланцюгових варіаторних коробках передач (CVT), а також у деяких гібридних системах CVT HONDA (окрім Nissan, Toyota и Ford)",,1L,AQCVT1L,"Полностью синтетическая жидкость для бесступенчатых коробок передач.

Подходит для использования во многих ременных и цепных вариаторных коробках передач (CVT), а также в некоторых гибридных системах CVT производства компании Honda.

Высококачественная жидкость для CVT, подходящая для использования во многих моделях автомобилей.

Обеспечивает высочайшие фрикционные характеристики металла и сцепления, улучшающие эффективность работы и увеличивающие срок службы системы ремень/шкив, используемой в CVT.

Обеспечивает стойкую защиту привода от истирания и износа, продлевая срок службы трансмиссии.

Не подходит для гибридных систем Nissan, Toyota и Ford.",,
,AQDCT Dual Clutch Transmission Fluid,AQDCT TRANS FLUID 1L,Синтетична рідина для трансмісій із подвійним зчепленням                                                                          Допуски виробників: VW TL 521 82; BMW DCTF-1                                                        ,,1L,AQDCT1L,Comma рекомендует использовать данный продукт в перечисленных ниже случаях. VW TL 521 82; BMW DCTF-1,,
,Multi-Vehicle Automatic Transmission & Power Steering Fluid,MULTI VEHICLE ATF & PS 5L,"Напівсинтетична універсальна рідина                                                                                           Dexron II and III, Ford Mercon V, MOPAR ATF +3 and +4, VW G 052 162, MB 236.6/7/10/12                                                                ",,5L,MVATF5L,"Полностью синтетическое масло для автоматических коробок передач и гидроусилителя руля.

Обеспечивает стабильность фрикционных свойств, плавное включение сцепления и противодействие износу.

Подходит для автоматических коробок передач и усилителей системы рулевого управления многих европейских, американских и азиатских автомобилей.

 

Comma рекомендует использовать данный продукт в перечисленных ниже случаях. Dexron® II, III and VI, Ford Mercon V, MOPAR ATF +3 and +4, VW G 052 162, MB 236.6/7/10/12/14, Mitsubishi, Hyundai, Kia SP-II/SP-III/SP-IV",,
,,MULTI VEHICLE ATF & PS 1L,,,1L,MVATF1L,,,
,"СЕРВІСНІ ПРОДУКТИ. ГІДРАВЛІЧНІ, ГАЛЬМІВНІ ТА ІНШІ РІДИНИ.",,,,,,,,
,X-FLOW FLUSH OUT,X-FLOW FLUSH OUT 5L,Мінеральне промивне мастило ,,5L,XFFO5L,"Стандартное промывочное масло как для бензиновых, так и для дизельных двигателей. Повышает эксплуатационные характеристики двигателя, очищая от шлама и углеродистых отложений.",,
,BRAKE & CLUTCH FLUID DOT 5.1,DOT 5.1 SYNT.1L,"Синтетична гальмівна рідина                                                                                                             FMVSS 116 DOT 5.1, ISO 4925                                    ",,1L,BF51L,"Тормозная жидкость высочайшего качества, разработанная специально для современных высокоэффективных автомобилей.
Минимальная влажная точка кипения 180°C — идеальный показатель для любых систем ABS.
Допускается смешивание жидкостей не на силиконовой основе с жидкостями DOT 3 и DOT 4.
Comma рекомендует использовать данный продукт в перечисленных ниже случаях. FMVSS 116 DOT 5.1, ISO 4925, ISO 4925 (Class 3, 4 & 5.1)",,
,BRAKE & CLUTCH FLUID DOT 4 ESP,DOT 4 ESP 1L,"Синтетична гальмівна рідина                                                                                                                FMVSS 116 DOT 4, ISO 4925, SAE J-1704
                                        ",,1L,BF4ESP1L,"Специально разработана для использования в автомобилях, в которых применяется технология ESP (электронная система динамической стабилизации).
Системы ESP обеспечивают повышенную безопасность при использовании тормозов (независимо от водителя), соответственно, данная тормозная жидкость связывает систему ESP с тормозной системой. Только тормозная жидкость, в которой исключительная вязкость сочетается с высокой температурой кипения, позволяет максимально повысить эффективность системы в любых условиях эксплуатации.
Технология торможения ESP предотвращает занос автомобиля в критических условиях движения.
Низкая вязкость обеспечивает улучшенное торможение и более быструю реакцию на занос при низких температурах.
Подходит для всех гидравлических тормозных систем и систем сцепления, в которых предусмотрено использование жидкости DOT 4 или DOT 3.
Допускается смешивание с другими жидкостями, соответствующими стандартам DOT 3, DOT 4, FMVSS.116 и SAE J1703, SAE J1704.

 

Comma рекомендует использовать данный продукт в перечисленных ниже случаях. FMVSS 116 DOT 4, ISO 4925, SAE J1704, ISO 4925 (Class 3, 4 & 6)",,
,BRAKE & CLUTCH FLUID DOT 4,DOT 4 SYNT. 5L,"Синтетична гальмівна рідина                                                                                                       FMVSS 116 DOT 4, ISO 4925, SAE J-1704",,5L,BF45L,"Тормозная жидкость, соответствующая современным стандартам и подходящая большинству производителей.
Идеально подходит системам ABS.
Допускается смешивание с жидкостью DOT 3.

 

Comma рекомендует использовать данный продукт в перечисленных ниже случаях. FMVSS 116 DOT 4, ISO 4925 (Class 3 & 4), SAE J1704",,
,,DOT 4 SYNT. 1L,,,1L,BF41L,,,
,,DOT 4 SYNT. 500ML,,,0.5L,BF4500M,,,
,LIC 20                          HYDRAULIC OIL,LIC 20 HYDR. OIL 25L,"Мінеральне гідравлічне мастило                                                                                                           • DIN 51524, Part 2 and 3 (HLP and HVLP)
• AFNOR NF E 48-603 (HM, HV)
• VDMA 24318
• US Steel 126 & 127
• Sperry Vickers M-2950-S
• Denison TP 02100
• FZG уровень повреждения >11                                                                                                                           DIN 51524, Part 2, DENISON HF-1 HF2 HFO, FORD M-6C32,                                                                        GENERAL MOTORS LH-04-01, LH-06, LH-15-1                                          ",,25L,L2025L,,,
,LIC 15                          HYDRAULIC OIL,LIC 15 HYDR. OIL 205L,"Мінеральне гідравлічне мастило                                                                                                           • DIN 51524, Part 2 and 3 (HLP and HVLP)
• AFNOR NF E 48-603 (HM, HV)
• VDMA 24318
• US Steel 126 & 127
• Sperry Vickers M-2950-S
• Denison TP 02100
• FZG уровень повреждения >11                                                                                                                           DIN 51524, Part 2, DENISON HF-1 HF2 HFO, FORD M-6C32,                                                                        GENERAL MOTORS LH-04-01, LH-06, LH-15-1 ",,205L,L15205L,"Подходит для гидравлических систем экскаваторов, строительного оборудования и автопогрузчиков. Идеально подходит для опрокидывающих механизмов, гидромуфт, некоторых гидротрансформаторов, гаражных лифтов и подъемных приспособлений в задней части кузова грузовых автомобилей.

Отличные низкотемпературные свойства для использования в любое время года.

Эксплуатационная классификация: ISO VG 46",,
,,LIC 15 HYDR. OIL 25L,,,25L,L1525L,,,
,LIC 10                          HYDRAULIC OIL,LIC 10 HYDR. OIL 205L,"Мінеральне гідравлічне мастило                                                                                                           • DIN 51524, Part 2 and 3 (HLP and HVLP)
• AFNOR NF E 48-603 (HM, HV)
• VDMA 24318
• US Steel 126 & 127
• Sperry Vickers M-2950-S
• Denison TP 02100
• FZG уровень повреждения >11                                                                                                                           DIN 51524, Part 2, DENISON HF-1 HF2 HFO, FORD M-6C32,                                                                        GENERAL MOTORS LH-04-01, LH-06, LH-15-1                  ",,205L,L10205L,"Подходит для гидравлических систем экскаваторов, строительного оборудования и автопогрузчиков. Идеально подходит для опрокидывающих механизмов, гидромуфт, некоторых гидротрансформаторов, гаражных лифтов и подъемных приспособлений в задней части кузова грузовых автомобилей.

Также подходит для домкратов.

Отличные низкотемпературные свойства для использования в любое время года.

Эксплуатационная классификация: ISO VG 32",,
,,LIC 10 HYDR. OIL 25L,,,25L,L1025L,,,
,,LIC 10 HYDR. OIL 5L,,,5L,L105L,,,
,MANISTA NATURAL HAND CLEANSER,MANISTA HAND 20L,"Натуральний миючий засіб для рук. Очищує від оливи, мастила, чорнила, крему для взуття, краски, гіпсу, бітуму, плям від трави, креозоту ті інших забруднень. Спеціально створено для використання в автосервісах та гаражах. Містить натуральні компоненти кокосового масла, лимонного соку та легко-абразивні полімери. Збагачено зволожуючим лосьоном з ланоліном.  PH=5.0-6.0
",,20L,MAN20L,"Натуральное моющее средство для рук с полимерными гранулами для тяжелых условий работы.
Удаляет въевшееся масло и грязь. Мягко действует на кожу, не содержит жестких растворителей.
Предотвращает возникновение ссадин и ран на руках.
Не испытывалось на животных.
Использовать с водой, как мыло.",,
,,MANISTA HAND 10L,,,10L,MAN10L,,,
,,MANISTA HAND 3L,,,3L,MAN3L,,,
,,MANISTA HAND 700ML,,,700ML,MAN700M,,,
,МАСТИЛА ДЛЯ 2- ТА 4-ТАКТНИХ ДВИГУНІВ,,,,,,,,
,Two Wheel 2 Stroke,TWO WHEEL 2 ST 1L MINERAL,"Мінеральне мастило 2Т                                                                                                                           API TC, JASO FB, ISO-L-EGB",,1L,TST1L,"Масло низкой зольности для использования в 2-тактных моторах мопедов, скутеров, мотоциклов и других двигателях, где требуется масло, которое легко смешивается с топливом.",,
,Two Wheel 2 Stroke Semisynthetic,TWO WHEEL 2 ST 1L SEMI SY,"Напівсинтетичне мастило 2Т                                                                                                                   API TC, JASO FD, ISO-L-EGD",,1L,TSTSS1L,"Полусинтетическое масло, формула которого обеспечивает низкую дымность выхлопа, для использования в 2-тактных моторах скутеров, мотоциклов, мопедов и других двигателях, где требуется масло, которое легко смешивается с топливом.

Эксплуатационная классификация: API TC, JASO FD & ISO L-EGD",,
,Two Wheel 2 Stroke Fully Synthetic,TWO WHEEL 2 ST 1L SYNTHET,"Синтетичне мастило 2Т                                                                                                                                   API TC, JASO FD, ISO-L-EGD, Husqvarna",,1L,TSTFS1L,"Полностью синтетическое масло, формула которого обеспечивает уменьшение дымности двигателя, для качественной защиты моторов мотоциклов, скутеров, мопедов и других двигателей, где требуется масло, легко смешивающееся с топливом.

Эксплуатационная классификация: API TC JASO FC FD & ISO L-EGD L-EGC",,
,Two Wheel 4 Stroke Semi Synthetic,TWO WHEEL 4 ST 1L SEMI SY,"Напівсинтетичне мастило 4Т                                                                                               SAE 10W-40, API SG, JASO MA",,1L,FSTSS1L,Полусинтетическая формула для использования в высокоэффективных 4-тактных двигателях воздушного и водяного охлаждения мотоциклов и других двигателях с высокими оборотами.,,
,Two Wheel 4 Stroke Fully Synthetic,TWO WHEEL 4 ST 1L SYNTHET,"Синтетичне мастило 4Т                                                                                                                                          SAE 5W-40, API SL, SJ, SH, SG, JASO MA",,1L,FSTFS1L,"Полностью синтетическая формула для использования в высокоэффективных 4-тактных двигателях воздушного и водяного охлаждения мотоциклов и других двигателях с высокими оборотами.

Эксплуатационная классификация: SAE 5w40 API SL, SJ, SH, SG JASO MA",,
,ПЛАСТИЧНІ МАСТИЛА,,,,,,,,
,MULTIPURPOSE LITHIUM GREASE 2,MULTIPURPOSE LITH. 50KG,"Багатоцільове пластичне мастило найвищої якості на основі літію. Підходить для найширшого застосування в автомобілі: підшипники коліс, ступиці, хрестовини, шасі і т.п.                                                                                                                                                                     Діапазон робочих температур:  -30ºС до +120ºС.   NLGI-2                                                    Колір: янтарний          ",,50KG,GR250KG,"Подходит для шасси, подшипников колес, ступиц, карданных шарниров и подшипников электромоторов.
Широкий интервал допустимых температур — сохранение стабильности в условиях высоких температур и текучести при низких температурах.",,
,,"MULTIPURPOSE LITH. 12,5KG",,,12.5KG,GR212.5,,,
,,MULTIPURPOSE LITH. 3KG,,,3KG,GR23KG,,,
,,"MULTIPURPOSE LITH. 0,5KG",,,0.5KG,GR2500G,,,
,,"MULTIPURPOSE LITH. 0,4KG",,,0.4KG,GR2400,,,
,CV LITH-MOLY GREASE,CV LITH-MOLY GREASE 500G,"Високоякісне пластичне мастило на основі літію з додаванням дисульфіду молібдену (MoS2), спеціально розроблене для шарнірів рівних кутових швидкостей.                                  Також ідеальне для шасі, підшипників коліс, ступиць та хрестовин                                                         Діапазон робочих температур: -20ºС до +120ºС. NLGI-2                                             Колір: сірий / чорний   ",,500GR,CV500G,"Смазка на основе лития с консистенцией №2 (средняя), содержащая дисульфид молибдена. Идеально подходит для шарниров равных угловых скоростей или гомокинетических шарниров.",,
,HIGH PERFORMANCE BEARING GREASE,HIGH PERF.GREASE 12.5KG,Високоякісне пластичне мастило на основі літію з чудовою високотемпературною стабільністю. Ідеально підходить для підшипників коліс.                                                    Діапазон робочих температур:  -30ºС до +120ºС.   NLGI-2                                                                       Колір: бурштиновий / жовтий ,,12.5KG,BG212.5,"Комбинированная смазка высшего качества на основе лития для всех типов подшипников колес при работе в тяжелых условиях.
Высокий уровень защиты в широком диапазоне температур.
Великолепные противоизносные свойства и защита при экстремальных давлениях обеспечивают длительный срок службы подшипников.",,
,,HIGH PERF.GREASE 500G,,,0.5KG,BG2500G,,,
,COPPER EASE,COPPER EASE 500G,"Мідне мастило, призначене для екстремальних робочих температур від -40ºС до + 1150ºС. Запобігає ""писку"" гальмівних колодок. Захищає колісні болти і гайки від ""прикипання"" і полегшує їх відкручування. Покращує ущільнення і полегшує монтаж-демонтаж.                                                                                                                                                            Колір: мідний",,0.5KG,CE500M,"Противозадирная смесь с широчайшим интервалом допустимых температур (от -40°C до +1150°C).
Образует плотное несмываемое и несгораемое защитное покрытие металлических частей.
При нанесении на заднюю часть тормозных колодок предотвращает скрип тормозных дисков.
Легко наносится в труднодоступных местах с помощью дополнительной трубки и насадки.

",,
,НАСОСИ ДЛЯ ПОДАЧІ МИЮЧОГО ЗАСОБУ MANISTA,,,,,,,,
,Manista 10 Litre Pump,MANISTA ACCES. 10L,"Насос для 10- та 3-літрових упаковок Manista, встановлюється на кришку.",,,MAN10LP,,,
,Manista 3 Litre Pump,MANISTA ACCES. 3L,,,,MAN3LP,,,
